nome;sobrenome
Maria;Abasto
Matilde;Abelho
Leonor;Abranches
Carolina;Abrantes
Beatriz;Abreu
Mariana;Adão
Ana;Adarga
Sofia;Afonso
Inês;Águeda
Margarida;Aguiar
Francisca;Aires
Lara;Albernaz
Laura;Albuquerque
Alice;Alcaide
Joana;Alcântara
Clara;Alcoforado
Diana;Aldeia
Madalena;Aleixo
Mara;Alencar
Luana;Almada
Benedita;Almeida
Constança;Alpuim
Mafalda;Alvarenga
Bianca;Álvares
Íris;Álvaro
Sara;Alvelos
Camila;Alves
Gabriela;Alvim
Rita;Amado
Eva;Amaral
Carlota;Amarante
Letícia;Amaro
Vitória;Amoedo
Ema;Amorim
Luísa;Andrade
Catarina;Anes
Ariana;Angelim
Yasmin;Anhaia
Yara;Anjos
Carminho;Anlicoara
Miriam;Antas
Marta;Antunes
Alícia;Aquino
Rafaela;Aragão
Luena;Aranha
Victória;Arantes
Núria;Araújo
Kyara;Areosa
Helena;Argolo
Valentina;Arouca
Júlia;Arruda
Bárbara;Assis
Isabel;Assunção
Nicole;Ataíde
Daniela;Atilano
Lia;Aveiro
Bruna;Avelar
Melissa;Ávila
Noa;Azambuja
Jéssica;Azenha
Teresa;Azeredo
Iara;Azevedo
Raquel;Bacelar
Filipa;Baía
Mia;Baião
Érica;Bairros
Luna;Baldaia
Isis;Balsemão
Caetana;Bandeira
Alexandra;Banha
Mélanie;Baptista
Pilar;Barata
Juliana;Barateiro
Kelly;Barbalho
Isabela;Barbosa
Adriana;Barcelos
Aurora;Barra
Débora;Barreira
Soraia;Barreiros
Eduarda;Barrico
Lorena;Barrela
Áurea;Barreno
Olívia;Barreto
Amélia;Barroca
Emília;Barrocas
Naiara;Barroqueiro
Frederica;Barros
Irina;Barroso
Renata;Basílio
Anita;Bastos
Larissa;Batata
Petra;Beiriz
Emma;Belchior
Sarah;Belchiorinho
Vera;Belém
Tatiana;Belmonte
Julieta;Belo
Nádia;Beltrão
Mayara;Bencatel
Salomé;Benevides
Samira;Bensaúde
Rebeca;Bentes
Fabiana;Bettencourt
Patrícia;Bento
Simone;Berenguer
Paloma;Bernardes
Aline;Bessa
Liliana;Bezerra
Nair;Bezerril
Luz;Bicalho
Luciana;Bicudo
Andreia;Bilhalva
Isabella;Bingre
Dalila;Bivar
Chloe;Boaventura
Ester;Boeira
Flor;Boga
Safira;Bogado
Erika;Bonilha
Elisa;Bonito
Anna;Borba
Rosa;Borges
Mónica;Borja
Cláudia;Botelho
Lúcia;Botica
Abigail;Boto
Ângela;Bouça
Rosarinho;Bouças
Sophia;Brandão
Carla;Braga
Alana;Bragança
Micaela;Branco
Bia;Brás
Fátima;Brásio
Maiara;Brasil
Emily;Breia
Eliana;Brião
Carmo;Brites
Dânia;Brito
Marisa;Brochado
Erica;Brum
Cíntia;Bugalho
Amália;Bulhões
Raissa;Bulhosa
Viviane;Cabeça
Serena;Cabeça de Vaca
Vanessa;Cabral
Clarisse;Cabreira
Denise;Cachão
Carina;Cachoeira
Violeta;Caçoilo
Eliane;Cadaval
Rute;Cadavez
Flávia;Caeira
Kiara;Caeiro
Iris;Caetano
Liara;Café
Susana;Caiado
Cristina;Caires
Cecília;Calado
Giovana;Calçada
Nayara;Caldas
Márcia;Caldeira
Oriana;Calheiros
Milena;Camacho
Victoria;Câmara
Lídia;Camargo
Dara;Camarinho
Manuela;Cambezes
Cristiana;Camelo
Estrela;Camilo
Elena;Caminha
Lea;Campelo
Liana;Campos
Angélica;Canadas
Solange;Canário
Telma;Cancela
Dayane;Candal
Sónia;Candeias
Antónia;Canedo
Verónica;Caneira
Marina;Canejo
Aléxia;Canela
Ariane;Cangueiro
Isa;Canhão
India;Caniça
Paula;Cantanhede
Simara;Canto
Liane;Caparica
Ellen;Capistrano
Lívia;Capucho
Daria;Cardim
Neuza;Cardoso
Lais;Carlos
Tânia;Carmo
Leila;Carmona
Sandra;Carneiro
Priscila;Coronel
Martina;Carqueijeiro
Riana;Carrasco
Melanie;Carrasqueira
Tamara;Carreira
Samanta;Carregueiro
Valéria;Carreiro
Jénifer;Carrilho
Ariele;Carromeu
Maísa;Cartaxo
Deise;Carvalhais
Maia;Carvalhal
Taís;Carvalheira
Carmen;Carvalheiro
Briana;Carvalho
Glória;Carvalhosa
Amanda;Carvalhoso
Ciara;Casado
Doriana;Casalinho
Esther;Cascais
Thaís;Casqueira
Clarinha;Castanheira
Jacinta;Castanho
Guiomar;Castanheda
Esmeralda;Castelhano
Brenda;Castelo
Aisha;Castelo Branco
Anaísa;Castilho
Esperança;Castilhos
Viviana;Castro
Elsa;Catela
Lua;Cavadas
Natacha;Cavaco
Olivia;Cavalheiro
Oceana;Cedraz
Luzia;Cedro
Ashley;Cerqueira
Tamára;Cerveira
Concha;César
Nina;Cesário
Noemi;Chagas
Cloe;Chainho
Maya;Chamusca
Rafaella;Charneca
Rayanne;Chaves
Ísis;Chousa
Alicia;Cidreira
Zoé;Cipriano
Sabrina;Cirne
Estela;Cisneiros
Maira;Clementino
Lya;Cobra
Naísa;Coelho
Dora;Coimbra
Cloé;Colaço
Charlotte;Colares
Angelina;Conceição
Taísa;Conde
Samara;Condorcet
Penélope;Cordeiro
Lília;Correia
Luisa;Corte-Real
Chloé;Cortês
Jennifer;Cortesão
Suri;Costa
Stella;da Costa
Maura;Cotrim
Eunice;Couceiro
Martinha;Coutinho
Aysha;Couto
Aura;Covilhã
Maryam;Covinha
Karina;Craveiro
Mayra;Cruz
Alma;Cunha
Josiane;Curvelo
Eleonor;Custódio
Anaís;Curado
Vânia;Damasceno
Laís;Damásio
Graça;Dâmaso
Rayssa;Dantas
Mercedes;Delgado
Alissa;Dias
Ária;Diegues
Lisandra;Dinis
Alexa;Dourado
Adelaide;Doutel
Miranda;Doutis
Naíma;Domingos
Yohanna;Domingues
Lígia;Dorneles
Stephanie;Duarte
Adelina;Durão
Irís;Durães
Melina;Dutra
Lina;Eanes
Alexia;Eiró
Cátia;Escobar
Liz;Espargosa
Jussara;Esparteiro
Mila;Espinosa
Carol;Espírito Santo
Dulce;Esteves
Fatumata;Estrada
Cândida;Estrela
Pérola;Faia
Isaura;Fagundes
Taíssa;Falcão
Jade;Faleiro
Joyce;Faria
Lavínia;Farias
Suéli;Farinha
Irene;Faro
Kayla;Fartaria
Nídia;Faustino
Aurea;Fazendeiro
Anabela;Feijó
Michele;Feira
Emilly;Feitosa
Mirian;Félix
Hellen;Fernandes
Tiffany;Ferraço
Mercês;Ferrão
Milana;Ferraz
Nancy;Ferreira
Naomi;Ferro
Rebecca;Festas
Jacira;Fiães
Katie;Fialho
Nara;Fidalgo
Anastasia;Figueira
Leticia;Figueiredo
Leandra;Figueiró
Giovanna;Figueiroa
Morgana;Filgueiras
Anamar;Filipe
Jessica;Fitas
Tiara;Fiúza
Anaya;Flávio
Matilda;Flores
Zoe;Fogaça
Alessia;Fonseca
Andrea;Fontes
Aminata;Fontinha
Gabriella;Fontoura
Flora;Foquiço
Magda;Fortes
Ayla;Fortunato
Adriela;Frade
Rania;Fraga
Evelyn;Fragoso
Luiza;Frajuca
Elisabete;Franca
Joelma;França
Marlene;Franco
Tiana;Franca
Melany;Franqueira
Keyla;Frazão
Fernanda;Freire
Malika;Freiria
Dádiva;Freitas
Allana;Freixo
Nayra;Frias
Natália;Frois
Natalia;Frota
Cinara;Furquim
Michelle;Furtado
Diva;Gabeira
Hannah;Gadelha
Marisol;Gago
Lucília;Galante
Stela;Galindo
Luara;Galvão
Janice;Gama
Sol;Gameiro
Kataleya;Garcez
Sheila;Garcia
Cataleya;Garrau
Cassandra;Garrido
Bella;Gaspar
Florbela;Gentil
Celina;Gil
Aida;Ginjeira
Milene;Girão
Alina;Godinho
Melyssa;Godoi
Kaylane;Gois
Branca;Gomes
Iriana;Gomide
Dafne;Gonçalves
Amora;Gorjão
Liliane;Goulart
Janaína;Gouveia
Suria;Goulão
Lana;Graça
Ariel;Grande
Sílvia;Grangeia
Kimberly;Granja
Siena;Granjeiro
Silvana;Gravato
Weza;Grilo
Evelina;Guedelha
Haniela;Guedes
Veronica;Guerra
Guadalupe;Guerreiro
Rayane;Guilheiro
Alyssa;Guimarães
Mariam;Gusmão
Sophie;Guterres
Joice;Henriques
Camilla;Hernandes
Alba;Hilário
Kieza;Hipólito
Jasmina;Holanda
Veronika;Homem
Khadija;Horta
Hadassa;Igrejas
Polina;Ilha
Yasmine;Imperial
Cármen;Inácio
Nadine;Inês
Sienna;Infante
Ariela;Jamandas
Zara;Janes
Elisabeth;Jardim
Seerat;Jesus
Maimuna;Jobim
Ânia;Jordão
Klara;Jorge
Ália;Júdice
Melinda;Junqueira
Brianna;Keil
Ava;Lacerda
Nour;Lage
Ândria;Lages
Aicha;Lago
Zita;Lagoa
Tabita;Lagos
Nalini;Lalanda
Rossana;Lamego
Isadora;Lameira
Sharon;Lameirinhas
Laryssa;Lameiras
Taynara;Lamenha
Barbara;Lampreia
Lucy;Lancastre
Andreea;Landim
Dina;Lara
Maitê;Laranjeira
Lola;Lários
Lena;Laureano
Teresinha;Leal
Ellie;Leão
Elvira;Leiria
Sahara;Leitão
Aylla;Leite
Catalina;Leme
Nicolly;Lemes
Marília;Lemos
Stephany;Lessa
Rúbia;Letras
Noémi;Liberato
Filomena;Lima
Eliza;Linhares
Agatha;Lindim
Denisa;Lins
Daisi;Lira
Fábia;Lisboa
Olga;Lobato
Aaliyah;Lobo
Emilia;Loio
Nayla;Lopes
Liany;Lourenço
Sasha;Loureiro
Nikol;Lousã
Muriel;Lousada
Pietra;Lousado
Latifa;Lucas
Aliça;Lucena
Lira;Lustosa
Ticiana;Luz
Leah;Macedo
Lucía;Macena
Edna;Machado
Stefany;Macieira
Nuna;Maciel
Daiana;Madeira
Quélia;Madruga
Leia;Madureira
Radija;Mafra
Emanuela;Magalhães
Fatima;Maia
Thayla;Mainha
Ivana;Maior
Kira;Malafaia
Anabel;Malheiro
Amy;Malho
Cássia;Malta
Sarai;Mamouros
Arina;Mangueira
Geovana;Mansilha
Pandora;Manso
Francesca;Mantas
Letízia;Maranhão
Alda;Marçal
Estefânia;Marcondes
Amira;Marinho
Mirela;Marins
Lunna;Mariz
Hoorain;Marmou
Dália;Marques
Zaira;Marreiro
Cora;Marroquim
Kailany;Martinho
Zoey;Martins
Suely;Mascarenhas
Sehajpreet;Mata
Ionara;Mateus
Jandira;Matias
Indira;Matos
Mathilde;Matosinhos
Hawa;Matoso
Linda;Medeiros
Debora;Medina
Aleksandra;Meira
Dominique;Meireles
Anair;Melancia
Heloísa;Melgaço
Gisela;Mena
Jana;Melo
Delia;Mendes
Rosário;Mendonça
Mágui;Meneses
Stefania;Mesquita
Inara;Mexia
Lidiana;Miguel
Cristal;Miguéis
Cheila;Mieiro
Jasmeen;Milhães
Letizia;Milheirão
Laureana;Milheiriço
Anaelle;Milheiro
Vilma;Minho
Manha;Miranda
Andra;Mirandela
Amelia;Modesto
Ayumi;Moita
Melody;Mondragão
Yasmina;Monforte
Assunção;Monjardim
Genésia;Monsanto
Nayma;Mont'Alverne
Nadia;Monte
Nélia;Montenegro
Antonia;Monteiro
Crystal;Morais
Yana;Morão
Kamila;Moreira
Thayra;Moreno
Élia;Morgado
Ayesha;Mortágua
Lurdes;Mota
Emanuelle;Moura
Aryana;Mourão
Anastácia;Mourato
Jael;Mourinho
Aliana;Moutinho
Zélia;Muniz
Eveline;Murteira
Otília;Murtinho
Perla;Muxagata
Chelsea;Narvais
Yi;Nascimento
Kendra;Natal
Hayla;Naves
Viktoria;Nazário
Jil;Negrão
Fedra;Negreiros
Ivy;Negromonte
Samaritana;Neiva
Marwa;Neres
Miguela;Neto
Aliyha;Neves
Josefa;Ninharelhos
Poliana;Nobre
Karen;Nóbrega
Laysla;Nogueira
Ranya;Noite
Lilian;Nolasco
Josefina;Noleto
Maribel;Norões
Piedade;Noronha
Amina;Novais
Lyah;Nunes
Djelissa;Olaio
Suzi;Oleiro
Viktoriya;Olivares
Jasmeet;Oliveira
Adélia;Onofre
Isís;Ornelas
Rahyssa;Orriça
Stéphanie;Osório
Orquídea;Ourique
Shaira;Ouro
Adama;Outeiro
Graciana;Pacheco
Ludmila;Padilha
Yangchen;Pádua
Emilie;Paião
Rose;Pais
Céline;Paiva
Dayra;Paixão
Anaisa;Palha
Alisa;Palhares
Aya;Palma
íris;Palmeira
Anastacia;Palos
Lavinia;Parafita
Jacyara;Paranhos
Alisha;Pardo
Hossana;Paredes
Ananda;Parente
Soraya;Parracho
Malak;Parreir
Arianna;Passarinho
Karolina;Passos
Marie;Pastana
Florinda;Patrício
Samantha;Paula
Karine;Paulos
Kaya;Paz
Ayani;Peçanha
Bela;Pêcego
Ohana;Pederneiras
Angela;Pedro
Jia;Pedroso
Mikaela;Pegado
Isabelly;Peixoto
Rahela;Penha
Dilnura;Penteado
Elzira;Pequeno
Mariama;Peralta
Elizabeth;Perdigão
Anais;Pereira
Oumou;Pescada
Louisa;Peseiro
Estefany;Pessoa
Layra;Pestana
Thaíssa;Picanço
Cidália;Picão
Selma;Pimenta
Olinda;Pimentel
Katia;Pinhal
Grace;Pinheiro
Mankirat;Pinho
Girisha;Pinto
Lueji;Piteira
Heloisa;Pires
Zlata;Poças
Roberta;Ponte
Louise;Pontes
Ticiane;Porciúncula
Prapti;Portela
Melânia;Porto
Lyara;Portugal
Séfora;Póvoas
Tamar;Prada
Mellyssa;Prado
Katerina;Prates
Dominika;Prestes
Izabel;Proença
Suzana;Protásio
Yaqi;Prudente
Elizabet;Pureza
Ágata;Quadros
Valentine;Quaresma
Amélie;Queiroga
Vivian;Queirós
Neusa;Quental
Gaia;Quesado
Deva;Quina
Raina;Quinaz
Dária;Quinta
Lícia;Quintal
Stacy;Quintana
Elisete;Quintanilha
Elisama;Quintas
Hareem;Quintais
Eshal;Quintão
Inaaya;Quinteiro
Andressa;Quintela
KellY;Quinterno
Hélia;Quinzeiro
Giulia;Quirino
Yiyi;Rabelo
Quessia;Ramalho
Lyana;Raminhos
Yassna;Ramires
Iasmin;Ramos
Zilda;Rangel
Myriam;Raposo
Adriele;Rebelo
Cleide;Rebimbas
Sujana;Rebocho
Andreína;Rebotim
Gabrielly;Rebouças
Mel;Redondo
Janira;Regalado
Geovanna;Rego
Adele;Regodeiro
Celeste;Regueira
Nayr;Rei
Aliya;Reino
Raíssa;Reis
Alycia;Remígio
Berenice;Resende
Cadija;Ribas
Hafsa;Ribeiro
Virgínia;Rico
Bebiana;Rijo
Anny;Rios
Luenna;Robalinho
Nelsa;Robalo
Izabella;Roçadas
Julia;Rocha
Neide;Rodovalho
Evelin;Rodrigues
Simona;Rolim
Jessie;Roriz
Surya;Rosa
Gina;Rosado
Ayra;Rosário
Rosalina;Rosmaninho
Jane;Rua
Lisa;Ruas
Tainara;Ruela
Jasmine;Rufino
Miria;Sá
Mellanie;Sabala
Ndeye;Sabrosa
Santiago;Sacadura
João;Sacramento
Francisco;Salazar
Rodrigo;Saldanha
Martim;Sales
Afonso;Salgado
Tomás;Salgueiro
Miguel;Salvado
Duarte;Saloio
Gabriel;Salomão
Lourenço;Saltão
Gonçalo;Sampaio
Pedro;Sanches
Guilherme;Sandinha
Tiago;Santana
Dinis;Santarém
Rafael;Santiago
Diogo;Santos
Lucas;Saraiva
Salvador;Sardinha
Gustavo;Sardo
David;Sarmento
Vicente;Seabra
Simão;Seixas
José;Semedo
Mateus;Serpa
Diego;Serralheiro
Manuel;Serro
Henrique;Sesimbra
António;Setúbal
Daniel;Severiano
Vasco;Severo
Leonardo;Silva
Bernardo;Silveira
André;Silvestre
Luís;Simas
Enzo;Simões
Eduardo;Simão
Alexandre;Sintra
Isaac;Sítima
Kevin;Sequeira
Rúben;Soares
Filipe;Sobral
Matias;Sobreira
Leandro;Sodré
Xavier;Soeiro
Ricardo;Sousa
Samuel;Souto
Artur;Souto Maior
Nuno;Soveral
Bruno;Soverosa
Carlos;Tabanez
Davi;Taborda
Sebastião;Tabosa
Hugo;Talhão
Valentim;Tavares
Rui;Taveira
Frederico;Taveiros
Renato;Távora
Bryan;Teixeira
Jorge;Tedim
Lorenzo;Teles
Benjamim;Telinhos
Joaquim;Temes
Paulo;Teodoro
Marco;Terra
Noah;Teves
Mário;Tigre
Fábio;Tinoco
Jaime;Toledo
Manel;Tomé
Tomé;Torquato
William;Torrado
Cristiano;Torreiro
Ângelo;Torres
Micael;Toscano
Gil;Travassos
Ivo;Toste
Edgar;Trigueiro
Raúl;Trindade
Fernando;Tristão
Brian;Tuna
Ivan;Uchoa
César;Ulhoa
Emanuel;Úria
Gaspar;Urias
Luca;Valadão
Vítor;Valadares
Romeu;Valadim
Sandro;Valcácer
Dilan;Valcanaia
Sérgio;Vale
Alex;Valente
Igor;Valentim
Eric;Valério
Marcelo;Valgueiro
Elias;Valido
Denis;Valim
Caio;Valverde
Isac;Varanda
Ismael;Varão
Liam;Varejão
Lisandro;Varela
Jonathan;Vargas
Moisés;Vasconcelos
Yuri;Vasques
Muhammad;Vaz
Josué;Veiga
Cláudio;Velasco
Mauro;Velasques
Adrien;Veleda
Danilo;Veloso
Joel;Ventura
Erik;Vergueiro
Álvaro;Veríssimo
Nelson;Viana
Dário;Vidal
Márcio;Vides
Martinho;Vidigal
Wesley;Viegas
Matheus;Vieira
Levi;Vigário
Telmo;Vila-Chã
Marcos;Vilaça
Júlio;Vilalobos
Wilson;Vilanova
Martin;Vilante
Victor;Vilar
Leonel;Vilariça
Arthur;Vilarinho
Leo;Vilas Boas
Oliver;Vilaverde
Abel;Vilela
Thiago;Vilhena
Cristian;Vinhas
Benjamin;Vital
Dylan;Viveiros
Misael;Xavier
Edson;Ximenes
Ian;Xisto
Fausto;Zagalo
Christian;Zambujal
Ezequiel;Zarco
Jonas;
Andrei;
Raul;
Gerson;
Giovani;
Caetano;
Matteo;
Luan;
Ryan;
Adam;
Hélder;
Nicolau;
Sebastian;
Cauã;
Patrick;
Estêvão;
Flávio;
Adriano;
James;
Óscar;
Nicolas;
Alexandru;
Kelvin;
Joshua;
Roberto;
Kendrick;
Augusto;
Cristóvão;
Alberto;
Jesus;
Natanael;
Domingos;
Vitor;
Adriel;
Erick;
Mark;
Jason;
Davide;
Ruben;
Félix;
Marcus;
Luciano;
Denzel;
Heitor;
Jonatã;
Gael;
Iúri;
Aléxis;
Kévim;
Mikael;
Aron;
Luis;
Israel;
Lucca;
Ulisses;
Alonso;
Thomas;
Célio;
Helder;
Dennis;
Mohammad;
Rúdi;
Rayan;
Damien;
Edmundo;
Mohamed;
Adrian;
Ary;
Noé;
Agostinho;
Nataniel;
Valentino;
Maurício;
Fabrício;
Denilson;
Felipe;
Theo;
Éder;
Orlando;
Pietro;
Joabe;
Ravi;
Isaque;
Rogério;
Américo;
Enrique;
Raphael;
Aaron;
Alexandro;
Juliano;
Breno;
Jónatas;
Jair;
Ianis;
Isael;
Robert;
Salomão;
Ícaro;
Tobias;
Amadeu;
Júnior;
Kenzo;
Nathan;
Kauã;
Ibrahim;
Alexander;
Omar;
Anselmo;
Fred;
Élson;
Zion;
Théo;
Jayden;
Eduard;
Válter;
Henry;
Mickael;
Diniz;
Mateo;
Samir;
Lúcio;
Kennedy;
Tierri;
Messias;
Hélio;
Abdul;
Humberto;
Antonio;
Celso;
Marlon;
Jerónimo;
Kauan;
Timóteo;
Haniel;
Iago;
Stefan;
Eliel;
Armando;
Giovanni;
Dominic;
Derick;
Jayson;
Liedson;
Daniil;
Adonai;
Hernâni;
Absalão;
Jessé;
Ethan;
Hazael;
Yu;
Damian;
Maksym;
Mamadou;
Angelo;
Amir;
Giani;
Yannick;
Evan;
Azael;
Zaqueu;
Kelton;
Maksim;
Milan;
Maxim;
Ruan;
Jaden;
Anderson;
Yanni;
Matviy;
Chris;
Marcelino;
Apolo;
Silvestre;
Aires;
Brayan;
Jairo;
Ayaan;
Timur;
Alessandro;
Alfredo;
Martín;
Keven;
Kiamy;
Lázaro;
Max;
Alan;
Bento;
Saúl;
Isaías;
Lukas;
Kian;
Djeyson;
Darius;
Mohammed;
Matei;
Eliézer;
Aryan;
Pablo;
Youssef;
Anthony;
Luiz;
Armaan;
Kleyton;
Evandro;
Angélico;
Artyom;
Josias;
Nilson;
Marvin;
Máximo;
Marley;
Kévin;
Délcio;
Benício;
Yohan;
Deivid;
Uriel;
Raphaël;
Vladimir;
Lopo;
Nicollas;
Oziel;
Steven;
Nikita;
Aleksandr;
Inácio;
Vladislav;
Prince;
Abdullah;
George;
Dante;
Derek;
Axel;
Eurico;
Zayn;
Johnny;
Elijah;
Baltasar;
Gastão;
Felix;
Nicholas;
Ioan;
Fabiano;
Rubim;
Delmar;
Michael;
Sancho;
Arsénio;
Francesco;
Armindo;
Jack;
Valentin;
Rubi;
Christopher;
Eder;
Abdoulaye;
Maximus;
Neymar;
Jan;
Richard;
Reinaldo;
Ion;
Delfim;
Nazar;
Jacinto;
Juan;
Ezio;
Emídio;
Virgílio;
Kelson;
Davy;
Bogdan;
Sílvio;
Alexandr;
Diamantino;
Louis;
Emmanuel;
Iulian;
Oscar;
Tito;
Nilton;
Nélson;
Gusttavo;
Estevão;
Aarnav;
Jeferson;
Joseph;
Agrim;
Lamarana;
Helton;
Édi;
Wallace;
Danilson;
Keyson;
Belchior;
Dérick;
Walter;
Albert;
Fernão;
Shayan;
Mario;
Kael;
Mustafa;
Georgi;
Anael;
Francis;
Esteban;
Enoque;
Hermano;
Kiari;
Mílton;
Ibrahima;
Calebe;
Simon;
Ezra;
Yannis;
Mauri;
Emílio;
Tom;
Willian;
Hamilton;
Kayden;
Tyron;
Abraão;
Elielson;
Laércio;
Hao;
Guransh;
Eli;
Atanas;
Eddy;
Ming;
Ivanilson;
Jefferson;
Fabian;
Marcel;
Vasile;
Kimi;
Bartolomeu;
Jia;
Cédric;
Arnaldo;
Valter;
Eliseu;
Kyami;
Edir;
Jóni;
Léon;
Mariano;
Kyle;
Cael;
Kirill;
Nikolai;
Henzo;
Rodney;
Michel;
Lev;
Lui;
Yi;
Rodolfo;
Ben;
Nathaniel;
Camilo;
Giovany;
Kushal;
Samoa;
Alcino;
Jun;
Filip;
Túlio;
Kaio;
Élton;
Elói;
Abrão;
Atílio;
Asael;
Nélio;
Arman;
Cristovão;
Jadir;
Viriato;
Oleksandr;
Eden;
Ionut;
Abílio;
Ahmad;
Ayrton;
Jimmy;
Gelson;
Eusébio;
Éric;
Teófilo;
Ilídio;
Luka;
Antoine;
Harry;
Luke;
Finn;
Hilário;
Jordan;
Antônio;
Aayush;
Maximiano;
Brahim;
Zhen;
Andriy;
Gilberto;
Tyler;
Avelino;
Kevyn;
Arian;
Lian;
Antero;
Nicolae;
Milton;
Pavel;
Jonata;
Adrián;
Romão;
Janilson;
Dario;
Damião;
Stephen;
Raj;
Zé;
Alvin;
Mathias;
Osvaldo;
Gianluca;
Edwin;
Jamie;
Russell;
Ravidson;
Destiny;
Érico;
Kyan;
Mizael;
Gilson;
Ari;
Dinarte;
Patrício;
Giorgi;
Yaroslav;
Teotónio;
Adalberto;
Santhiago;
Amaro;
Laurindo;
Zihao;
Nikolas;
Kylian;
Catalin;
Djayson;
Mouhamed;
Claúdio;
Bilal;
Kristian;
Oséias;
Aarav;
Jeremias;
Ishan;
Valdemar;
Imran;
Nilo;
Kenny;
Riyan;
Aman;
Januário;
Rian;
Nicola;
Matthias;
